{"cameraMode":{"drawMode":0,"name":"Shaded","section":"Shading Mode"},"sceneLighting":true,"audioPlay":false,"sceneViewState":{"m_AlwaysRefresh":false,"showFog":true,"showSkybox":true,"showFlares":true,"showImageEffects":true,"showParticleSystems":true,"showVisualEffectGraphs":true,"m_FxEnabled":true},"in2DMode":false,"pivot":{"x":0.5494469404220581,"y":1.2200795412063599,"z":3.8913989067077638},"rotation":{"x":0.11117204278707504,"y":-0.18036168813705445,"z":0.019530514255166055,"w":0.9771334528923035},"size":5.4169840812683109,"orthographic":false}