{"cameraMode":{"drawMode":0,"name":"Shaded","section":"Shading Mode"},"sceneLighting":true,"audioPlay":false,"sceneViewState":{"m_AlwaysRefresh":false,"showFog":true,"showSkybox":true,"showFlares":true,"showImageEffects":true,"showParticleSystems":true,"showVisualEffectGraphs":true,"m_FxEnabled":true},"in2DMode":false,"pivot":{"x":2.521392822265625,"y":1.9584910869598389,"z":-1.5113484859466553},"rotation":{"x":0.2099364995956421,"y":-0.3939470946788788,"z":0.09280473738908768,"w":0.8899614810943604},"size":2.5493898391723635,"orthographic":false}